{
  "name": "gamedev-framework",
  "version-string": "0.18.0",
  "maintainers": [
    "Julien Bernard <julien.bernard@univ-fcomte.fr>",
    "Arthur Hugeat <hugeat.arthur@gmail.com>"
  ],
  "description": "gf is a framework to build 2D games in C++14",
  "homepage": "https://gamedevframework.github.io/",
  "license": "Zlib",
  "supports": "!arm",
  "dependencies": [
    "boost-algorithm",
    "boost-container",
    "boost-filesystem",
    "boost-heap",
    "freetype",
    "pugixml",
    "sdl2",
    "stb",
    "zlib"
  ]
}
